Workbook

Sheet Epic Overview
A1: E15 – Security Hardening & Assurance
A2: Epic overview, scope, value, KPIs and summary metrics (review with CISO & Cyber GRC)
A3: Airline Group Occupational Health Case Management (OHCM) | v1.0 – Draft for CISO & Cyber GRC review | 30 October 2026
A5: Epic ID | B5: E15
A6: Epic name | B6: Security Hardening & Assurance
A7: Goal | B7: Raise the WellnessZ platform from 'secure for release' to the security posture expected of a Tier-0 airline system that processes special-category health data: independent assurance before go-live, a verifiable software supply chain, private and encrypted infrastructure, programme-aware protection of restricted classes, automated security regression testing, detection and response in the SIEM, and a disciplined vulnerability-management cadence. The epic implements enhancements SEC-E01 to SEC-E15 of the Security Enhancement Guideline (security assessment 2026-10) plus guardrail regression tests and security operations.
A8: Business value | B8: Removes the remaining conditions for PROD go-live (independent penetration test, release evidence, signed-image admission, demo-identity guard, customer-managed keys, patch SLAs); protects the airline from regulatory, contractual and reputational damage from a health-data breach; produces the evidence the SOC 2 Type 2 audit and airline customers' security due diligence require; reduces the cost of each later release by catching access-control regressions automatically.
A9: In scope | B9: • Independent penetration test of UAT and annual retesting (SEC-E01) • Image-scan and SBOM evidence; signed-image admission on AKS and hybrid clusters (SEC-E02, SEC-E03) • Private registry, runners and control planes in PROD (SEC-E04) • Programme-aware restricted-document access for the MRO (SEC-E05) • Startup guard against demo identities and local-only secrets (SEC-E06) • Cluster-wide and cost-based rate limiting (SEC-E07); global WAF, bot and DDoS protection (SEC-E10); hybrid edge WAF and partner IP allow-listing (SEC-E15) • Runtime protection and SIEM detections (SEC-E08) • Customer-managed keys and envelope encryption (SEC-E09) • Mobile app hardening and MASVS assessment (SEC-E11) • Security verification and access-control matrix as CI gates (SEC-E12) • Patch SLAs, re-scanning and PostgreSQL upgrade plan (SEC-E13); threat-model refresh and abuse-case tests (SEC-E14) • Guardrail regression tests and the security operations cadence
A10: Out of scope | B10: • Operating the SOC itself and the SIEM platform (client service) • Identity-provider hardening (Entra ID / Keycloak tenant configuration), endpoint and MDM policies • SOC 2 audit fieldwork (performed by the independent auditor) • New business functionality
A11: Primary stakeholders / roles | B11: CIO; CISO / Cyber GRC; Data Protection Officer; Platform Security; Platform / DevOps; Network team; Core API team; Web team; Mobile team; QA; SOC; Security champions; OH governance (CMO, Nursing Head, MRO) for restricted-class decisions
A12: Success KPIs | B12: • Go-live conditions G1–G6 of the Security Enhancement Guideline met before PROD go-live • 0 Critical / High vulnerabilities open beyond SLA (48 h / 7 d); monthly report on time • 100 % of UAT / PROD images signed, scanned and admitted by policy • 0 unexpected allows in the nightly access-control matrix • 100 % of access reviews on time; 100 % of break-glass events reviewed within 5 working days • ≥ 95 % of high-severity SIEM alerts triaged within 1 hour
A13: Dependencies | B13: E09 Mental health (restricted class); E10 Substance testing (MRO); E13 Portal / app (mobile); E18 Configuration (demo-identity rule); client IAM, network and SOC teams; cloud subscriptions / projects
A14: Standards & references | B14: • SOC2: AICPA Trust Services Criteria (CC, A, C) • HITRUST: HITRUST CSF assessment domains 01–19 • OWASP-T10 / OWASP-API / OWASP-ASVS / OWASP-MASVS • ISO27001: ISO/IEC 27001:2022 Annex A • NIST-SSDF: NIST SP 800-218 Secure Software Development Framework; SLSA build provenance • LOCAL-PDP: local personal-data-protection law + GDPR Art. 9 / 32 as benchmark • WellnessZ: Security Enhancement Guideline, Developer Security Handbook, doc 02 Security and SOC 2 Control Mapping
A15: Recommended start phase | B15: P1 – Now (before PROD go-live) for SEC-E01, E02, E03, E06, E09 (decision), E13 (SLAs); P2 – Next (first 90 days); P3 – Later (3–12 months)
A17: Summary metrics (formula-driven)
A18: Number of high-level requirements | B18: =COUNTA('High-Level Requirements'!A5:A21)
A19: Number of features | B19: =COUNTA('Feature List'!A5:A21)
A20: Number of backlog items | B20: =COUNTA('Implementation Backlog'!A5:A50)
A21: Total story points (indicative) | B21: =SUM('Implementation Backlog'!G5:G50)
A22: Story points – Phase 1 (Now) | B22: =SUMIF('Implementation Backlog'!H5:H50,"P1",'Implementation Backlog'!G5:G50)
A23: Story points – Phase 2 (Next) | B23: =SUMIF('Implementation Backlog'!H5:H50,"P2",'Implementation Backlog'!G5:G50)
A24: Story points – Phase 3 (Later) | B24: =SUMIF('Implementation Backlog'!H5:H50,"P3",'Implementation Backlog'!G5:G50)
A25: Must-have requirements | B25: =COUNTIF('High-Level Requirements'!D5:D21,"Must")
A26: Backlog items awaiting review decision | B26: =COUNTBLANK('Implementation Backlog'!N5:N50)
A28: Notes & assumptions
A29: How to review: yellow cells are for the CISO / Cyber GRC team. Use the 'Decision' and 'Review comment' columns on each sheet; the dropdowns offer Accept / Modify / Reject / Defer.
A30: Story points are indicative relative-size estimates (Fibonacci-like scale) produced during the security assessment; they must be re-estimated by the delivery teams and exclude the external penetration-test engagement.
A31: Phases in this epic: P1 = Now (before PROD go-live), P2 = Next (first 90 days of operation), P3 = Later (3–12 months). Priority on backlog items is P1 (critical) / P2 / P3.
A32: Every item traces to an enhancement SEC-E01…SEC-E15 (or the guardrail / operations sections) of docs/security/Security-Enhancement-Guideline.md; findings F-01…F-17 of the assessment are all closed or accepted.
A33: Numbering: earlier increment documents refer to the client's Integration epic as 'E15'. Confirm the epic number with the PMO before importing this workbook into the master backlog.

Sheet High-Level Requirements
A1: E15 – High-Level Requirements
A2: What the solution must achieve for this epic (MoSCoW prioritised, traced to security standards and the 2026-10 assessment)
A3: Airline Group Occupational Health Case Management (OHCM) | v1.0 – Draft for CISO & Cyber GRC review | 30 October 2026
A4: HLR ID | B4: Requirement | C4: Rationale | D4: Priority (MoSCoW) | E4: Standards / sources | F4: Applicable units | G4: Review comment (CISO / Cyber GRC) | H4: Decision
A5: E15-HLR-01 | B5: The platform shall undergo an independent penetration test by a CREST- or OSCP-certified tester of the deployed UAT environment (web apps, BFF, core API, partner portal, integration endpoints, mobile build, cloud configuration) before PROD go-live, annually thereafter and before each major release, with no Critical or High finding open at go-live. | C5: The 2026-10 assessment was internal and ran against the local stack only (SEC-E01, R-01). Independent testing of the deployed system is expected by auditors and airline customers. | D5: Must | E5: SOC2 CC4.1, CC7.1; HITRUST 07, 17; ISO27001 A.8.8, A.8.29; OWASP-ASVS | F5: ALL – All subsidiaries & departments (group-wide)
A6: E15-HLR-02 | B6: Every image deployed to UAT or PROD shall have its vulnerability-scan report and SBOM attestation verified at deployment and retained as release evidence for at least 13 months. | C6: Trivy gates the build, but evidence lives only in workflow logs and SBOM attestations are not verified at deploy (SEC-E02, R-02). | D6: Must | E6: SOC2 CC7.1, CC8.1; HITRUST 06, 07; NIST-SSDF; SLSA | F6: ALL – All subsidiaries & departments (group-wide)
A7: E15-HLR-03 | B7: Kubernetes clusters in UAT and PROD on every supported platform (AKS, GKE, hybrid) shall admit only images signed by the WellnessZ release pipeline. | C7: GKE enforces Binary Authorization; AKS and on-premises clusters verify signatures only in the deploy job (SEC-E03, residual risk RR11). | D7: Must | E7: SOC2 CC6.8, CC8.1; HITRUST 06; SLSA; CIS-K8S | F7: ALL – All subsidiaries & departments (group-wide)
A8: E15-HLR-04 | B8: Build, registry and cluster-management paths for PROD shall be private: no public network access to the container registry or key vault, private Kubernetes control planes and group-based cluster RBAC. | C8: ACR public access and temporary Key Vault IP rules exist for GitHub-hosted runners; the GKE PROD control plane has a public endpoint (SEC-E04, accepted Checkov items). | D8: Should | E8: SOC2 CC6.1, CC6.6; HITRUST 08, 11; ISO27001 A.8.20, A.8.22 | F8: ALL – All subsidiaries & departments (group-wide)
A9: E15-HLR-05 | B9: Access to restricted-class documents through the generic documents API shall be decided per programme, so that the MRO can open substance-programme documents while separation between psychological-health and substance-testing records is preserved. | C9: Finding F-16: the MRO is denied (fail closed) on the generic API because the restricted class carries no programme attribute (SEC-E05). | D9: Should | E9: SOC2 CC6.1, CC6.3, C1.1; HITRUST 11, 19; LOCAL-PDP; ICAO-9654; EU-1042 | F9: ALL – substance-testing population (safety-sensitive roles: FLT, CAB, ENG, GND)
A10: E15-HLR-06 | B10: Outside the local development profile, the core API and the BFF shall refuse to start when a demo identity or a known local-only secret is configured, and the configuration service shall reject demo identities for restricted-class settings. | C10: Finding F-17: 'mentalhealth.named-clinicians' is seeded with the demo user psych1 in every environment; local-only secrets exist in local files (SEC-E06). | D10: Must | E10: SOC2 CC6.1, CC8.1; HITRUST 06, 10; OWASP-T10 A05, A07 | F10: ALL – All subsidiaries & departments (group-wide)
A11: E15-HLR-07 | B11: Request-rate limits shall apply per principal across all replicas and shall weight expensive operations (exports, reports, audit packs, bulk operations) higher than ordinary reads. | C11: ApiRateLimitFilter (finding F-03) keeps buckets per pod, so the effective limit grows with replicas; all requests cost the same (SEC-E07). | D11: Should | E11: SOC2 A1.1, CC7.2; HITRUST 08, 12; OWASP-API API4, API6 | F11: ALL – All subsidiaries & departments (group-wide)
A12: E15-HLR-08 | B12: Runtime threats in containers and security-relevant application events (break-glass, mass export, enumeration, authentication attacks, rate-limit storms, configuration changes, audit-chain failures) shall be detected in the SIEM, with documented response runbooks. | C12: The application audits these events, but no SOC detection is defined and container runtime threats are not detected (SEC-E08). | D12: Must | E12: SOC2 CC7.2, CC7.3, CC7.4; HITRUST 12, 15; ISO27001 A.8.15, A.8.16; OWASP-T10 A09 | F12: ALL – All subsidiaries & departments (group-wide)
A13: E15-HLR-09 | B13: All PROD data stores holding personal or health data shall be encrypted with customer-managed, HSM-backed keys, and the field-encryption master key shall be protected by envelope encryption in the cloud key-management service. | C13: Cloud SQL uses CMEK, Azure PostgreSQL does not (postgres_cmk_enabled = false); the key type is fixed at server creation. Residual risk RR1: single master key (SEC-E09). | D13: Must | E13: SOC2 CC6.1, C1.1; HITRUST 19; ISO27001 A.8.24; LOCAL-PDP | F13: ALL – All subsidiaries & departments (group-wide)
A14: E15-HLR-10 | B14: Internet-facing entry points shall be protected against volumetric DDoS and automated (bot) attacks within the client's data-residency constraints. | C14: Front Door is disabled in every environment; no DDoS Network Protection or bot management is configured (SEC-E10). | D14: Should | E14: SOC2 A1.1, CC6.6; HITRUST 08, 16; OWASP-API API4, API6 | F14: ALL – All subsidiaries & departments (group-wide)
A15: E15-HLR-11 | B15: The native employee app shall meet OWASP MASVS (MAS testing profile L2 plus resilience) before store release, including secure token storage, certificate pinning and compromised-device detection. | C15: Residual risk RR7 (secure storage and MAM not integrated); no pinning or root / jailbreak detection (SEC-E11). | D15: Should | E15: SOC2 CC6.1, CC6.7; HITRUST 04, 02; OWASP-MASVS | F15: ALL – employee app users (crew and ground staff on mobile devices)
A16: E15-HLR-12 | B16: Automated security verification and the role-based access-control matrix shall run in CI against an ephemeral stack and block releases on any failed check or unexpected access, including endpoints without an expected policy. | C16: Both tools proved their value in the assessment but run manually; a new endpoint can silently miss its role gate (SEC-E12). | D16: Must | E16: SOC2 CC7.1, CC8.1; HITRUST 06, 07; ISO27001 A.8.29; OWASP-ASVS; OWASP-API API1, API5 | F16: ALL – All subsidiaries & departments (group-wide)
... A21: E15-HLR-17 | B21: Security operations shall run on a defined cadence: quarterly access reviews (monthly for privileged and restricted roles), annual independent penetration testing, a security-champions programme and an annual incident tabletop exercise. | C21: Controls must operate effectively over the SOC 2 review period, not only exist at go-live. | D21: Must | E21: SOC2 CC1.4, CC4.1, CC6.2, CC6.3, CC7.4; HITRUST 11, 13, 15; ISO27001 A.5.18, A.6.3, A.5.24 | F21: ALL – All subsidiaries & departments (group-wide)

Sheet Feature List
A1: E15 – Low-Level Feature List
A2: Features that implement the high-level requirements, with roles, acceptance criteria and deployment-specific notes
A3: Airline Group Occupational Health Case Management (OHCM) | v1.0 – Draft for CISO & Cyber GRC review | 30 October 2026
A4: Feature ID | B4: Feature | C4: Description | D4: Primary roles | E4: Priority (MoSCoW) | F4: Traces to HLR | G4: Acceptance criteria (summary) | H4: Unit-specific notes | I4: Review comment | J4: Decision
A5: E15-F01 | B5: Independent penetration test and retest | C5: CREST/OSCP-certified test of UAT: authenticated testing with every role, all 754 documented API operations, partner portal with MFA, integration endpoints, mobile build and cloud configuration review; remediation and retest. | D5: CISO office; Platform Security; external tester; all delivery teams | E5: Must | F5: E15-HLR-01 | G5: Report received; no Critical/High open at go-live; Mediums owned and dated within SLA; retest letter in the release record. | H5: Restricted-class roles (PSYCH_CLINICIAN, MRO) and external roles explicitly in scope.
A6: E15-F02 | B6: Release evidence: image scans and SBOM attestations | C6: Trivy JSON/SARIF report per image digest stored as artefact; SBOM attestation verified with cosign in deploy-env.yml; deployment summary links the evidence; copy to evidence store. | D6: Platform / DevOps; Cyber GRC | E6: Must | F6: E15-HLR-02 | G6: Deploy fails closed without a valid SBOM attestation; every UAT/PROD deployment summary links scan reports of the exact digests; retention ≥ 13 months. | H6: None
A7: E15-F03 | B7: Signed-image admission on AKS and hybrid clusters | C7: Admission policy verifying the cosign keyless signature (identity container.yml@refs/heads/main): AKS Image Integrity (Ratify + Azure Policy) where available, otherwise Kyverno verifyImages; Sigstore policy-controller or Kyverno on hybrid clusters. | D7: Platform / DevOps | E7: Must | F7: E15-HLR-03 | G7: Audit in DEV, deny in UAT/PROD; unsigned and foreign-signed images rejected in UAT; exemptions listed; RR11 closed. | H7: GKE already enforces Binary Authorization.
A8: E15-F04 | B8: Private build, registry and control-plane paths | C8: Self-hosted ephemeral runners in the cloud networks; ACR public access off and no Key Vault IP rules in UAT/PROD; GKE private endpoint in PROD; Google Groups for GKE RBAC. | D8: Platform / DevOps; Network; IAM | E8: Should | F8: E15-HLR-04 | G8: acr_public_network_access = false; key_vault_allowed_ips empty; gke_private_endpoint = true (PROD); gke_rbac_security_group set; pipelines green end to end. | H8: AKS UAT/PROD already private clusters.
A9: E15-F05 | B9: Programme-aware restricted-document access (MRO) | C9: Programme attribute for restricted resources; ABAC policy letting the MRO (and listed acting-MRO physicians) open E10 documents such as CHAIN_OF_CUSTODY_FORM through the generic documents API; explicit programme separation. | D9: MRO; acting-MRO physician; DPO; OH governance | E9: Should | F9: E15-HLR-05 | G9: MRO opens E10 restricted documents via /documents; MRO gets 404 on E09 documents; general OH, managers, HR and unbound clients get 404; every denial audited. | H9: Applies to safety-sensitive populations in the testing programme.
A10: E15-F06 | B10: Startup guard against demo identities and local-only secrets | C10: Fail-fast check in core API and BFF outside local/test profiles for known local-only secret values and demo identities in restricted-class configuration; configuration service rejects demo identities. | D10: Core API team; Platform / DevOps | E10: Must | F10: E15-HLR-06 | G10: Startup fails with a message naming the property (never the value); unit tests per rule; UAT/PROD values pass; go-live checklist updated. | H10: None
A11: E15-F07 | B11: Cluster-wide and cost-based rate limiting | C11: Shared limit store or edge-enforced per-principal limits independent of replica count; cost classes for exports, reports, audit packs and bulk operations; per-environment and per-client configuration. | D11: Core API team; Platform / DevOps | E11: Should | F11: E15-HLR-07 | G11: Load test shows the limit is independent of replica count; expensive endpoints limited separately; fail-open behaviour reviewed and documented. | H11: None
A12: E15-F08 | B12: Runtime protection and SIEM detections | C12: Defender for Containers / GKE Security Posture with threat detection / Falco on hybrid; audit trail and logs streamed to SIEM; detections D-01…D-12; PHI-free 429 counter; runbooks. | D12: SOC; Platform / DevOps; Platform Security | E12: Must | F12: E15-HLR-08 | G12: Detections implemented and tested with synthetic events; runbooks linked; high-severity alerts triaged within 1 hour (≥ 95 %). | H12: None
A13: E15-F09 | B13: Customer-managed keys and envelope encryption | C13: ADR on CMK; Azure PostgreSQL CMK with geo-backup key in UAT/PROD; envelope encryption of the field-encryption master key through the cloud KMS with a re-encryption job; key-loss and rotation runbook. | D13: Platform Security; DBA; DPO | E13: Must | F13: E15-HLR-09 | G13: ADR signed by CISO and DPO before the PROD server is created; postgres_cmk_enabled = true; restore with rotated key proven in UAT; RR1 closed. | H13: Cloud SQL already uses CMEK.
A14: E15-F10 | B14: Global WAF, bot and DDoS protection | C14: Data-residency assessment; Front Door Premium WAF with bot manager rule set (if approved) or App Gateway rate rules; DDoS Network/IP Protection; Cloud Armor Adaptive Protection. | D14: Platform / Network; DPO | E14: Should | F14: E15-HLR-10 | G14: Residency decision recorded; protections enabled in PROD; load test proves shift-change peaks are not blocked. | H14: None
A15: E15-F11 | B15: Mobile app hardening and MASVS assessment | C15: Refresh token in Keychain/Keystore; app-protection policies through MDM; certificate pinning with backup pin; root/jailbreak and debugger detection; independent MASVS assessment. | D15: Mobile team; Endpoint team; Platform Security | E15: Should | F15: E15-HLR-11 | G15: MASVS assessment with no High open before store release; pin-rotation runbook; RR7 closed. | H15: Crew devices may be shared or personally owned – policy decision on block vs warn.
A16: E15-F12 | B16: Security verification and access matrix in CI | C16: Policy extractor tools/security/rbac-extract-policy.py with unit tests; CI workflow with ephemeral Docker Compose stack runs security-verification.js and rbac-matrix.js nightly and on release branches; object-level cases for every module. | D16: Platform / DevOps; QA; Security champions | E16: Must | F16: E15-HLR-12 | G16: Gate fails on any FAIL, unexpected allow or endpoint without expected policy; artefacts and job summary published; never pointed at UAT/PROD. | H16: None
... A21: E15-F17 | B21: Security operations cadence | C21: Quarterly access reviews (monthly privileged/restricted) with evidence; security-champions programme; annual penetration test and incident tabletop in the security calendar. | D21: CISO office; OH service owner; IAM; DPO; Engineering leads | E21: Must | F21: E15-HLR-17 | G21: First quarterly review completed with evidence; one champion per team nominated; calendar approved; first tabletop held within 6 months of go-live. | H21: None

Sheet Implementation Backlog
A1: E15 – Implementation Backlog (line by line)
A2: User stories, enablers, tasks and spikes with acceptance criteria, indicative estimates, phase, owner and dependencies
A3: Airline Group Occupational Health Case Management (OHCM) | v1.0 – Draft for CISO & Cyber GRC review | 30 October 2026
A4: Backlog ID | B4: Feature ID | C4: Feature (lookup) | D4: Type | E4: Title / user story | F4: Acceptance criteria / definition of done | G4: Story points (indicative) | H4: Phase | I4: Priority | J4: Owner / team | K4: Dependencies (epics) | L4: Sprint (to assign) | M4: Status | N4: Decision | O4: Review comment
A5: E15-BL-001 | B5: E15-F01 | C5: =IFERROR(INDEX('Feature List'!$B$5:$B$21,MATCH(B5,'Feature List'!$A$5:$A$21,0)),"") | D5: Task | E5: Agree penetration-test scope, rules of engagement and test window; provision UAT test accounts for every role (including PSYCH_CLINICIAN, MRO, PARTNER_PROVIDER with MFA, INTEGRATION client) | F5: Signed rules of engagement; tester certification verified; accounts and synthetic data ready; out-of-scope systems listed | G5: 5 | H5: P1 | I5: P1 | J5: Security & Privacy (Platform Security) | K5: SEC-E01 | M5: Not started
A6: E15-BL-002 | B6: E15-F01 | C6: =IFERROR(INDEX('Feature List'!$B$5:$B$21,MATCH(B6,'Feature List'!$A$5:$A$21,0)),"") | D6: Story | E6: As the CISO I want every Critical and High penetration-test finding fixed and retested so that PROD can go live with independent assurance | F6: All Critical/High fixed and retested; Mediums owned within SLA; retest letter attached to the release record; doc 02 updated | G6: 13 | H6: P1 | I6: P1 | J6: All delivery teams | K6: SEC-E01 | M6: Not started
A7: E15-BL-003 | B7: E15-F02 | C7: =IFERROR(INDEX('Feature List'!$B$5:$B$21,MATCH(B7,'Feature List'!$A$5:$A$21,0)),"") | D7: Enabler | E7: Store the Trivy JSON and SARIF report per image digest in container.yml and verify the CycloneDX SBOM attestation with cosign verify-attestation in deploy-env.yml for all six images | F7: Artefacts named by digest; deploy fails closed when an attestation is missing or invalid; tested with a deliberately unattested image in DEV | G7: 5 | H7: P1 | I7: P1 | J7: Platform / DevOps | K7: SEC-E02 | M7: Not started
A8: E15-BL-004 | B8: E15-F02 | C8: =IFERROR(INDEX('Feature List'!$B$5:$B$21,MATCH(B8,'Feature List'!$A$5:$A$21,0)),"") | D8: Task | E8: Link scan reports and SBOM digests of the deployed digests from every UAT/PROD deployment summary and copy them to the release evidence store | F8: Evidence present for the first UAT release; retention ≥ 13 months confirmed by Cyber GRC | G8: 3 | H8: P1 | I8: P2 | J8: Platform / DevOps; Cyber GRC | K8: SEC-E02 | M8: Not started
A9: E15-BL-005 | B9: E15-F03 | C9: =IFERROR(INDEX('Feature List'!$B$5:$B$21,MATCH(B9,'Feature List'!$A$5:$A$21,0)),"") | D9: Spike | E9: Select the admission technology for AKS (AKS Image Integrity with Ratify + Azure Policy vs Kyverno verifyImages) and for hybrid clusters (Sigstore policy-controller vs Kyverno) | F9: Decision record with regional availability, operating cost, failure mode (fail closed) and keyless-identity support | G9: 3 | H9: P1 | I9: P1 | J9: Platform / DevOps | K9: SEC-E03 | M9: Not started
A10: E15-BL-006 | B10: E15-F03 | C10: =IFERROR(INDEX('Feature List'!$B$5:$B$21,MATCH(B10,'Feature List'!$A$5:$A$21,0)),"") | D10: Enabler | E10: Enforce signed-image admission on AKS and hybrid clusters: audit mode in DEV, deny mode in UAT and PROD, identity …/container.yml@refs/heads/main | F10: Unsigned and foreign-signed images rejected in UAT (evidence); system namespaces exempted and justified; Helm deploy and rollback unaffected; RR11 closed | G10: 10 | H10: P1 | I10: P1 | J10: Platform / DevOps | K10: SEC-E02; SEC-E03 | M10: Not started
A11: E15-BL-007 | B11: E15-F04 | C11: =IFERROR(INDEX('Feature List'!$B$5:$B$21,MATCH(B11,'Feature List'!$A$5:$A$21,0)),"") | D11: Enabler | E11: Run ephemeral self-hosted GitHub runners inside the Azure VNet and Google Cloud VPC (or Connect Gateway) for promotion and deployment jobs | F11: Runners scale to zero; no stored cloud credentials (OIDC); runner images patched monthly; jobs pinned to the private runners for UAT/PROD | G11: 8 | H11: P2 | I11: P2 | J11: Platform / DevOps | K11: SEC-E04 | M11: Not started
A12: E15-BL-008 | B12: E15-F04 | C12: =IFERROR(INDEX('Feature List'!$B$5:$B$21,MATCH(B12,'Feature List'!$A$5:$A$21,0)),"") | D12: Enabler | E12: Close public management paths in UAT/PROD: acr_public_network_access = false, key_vault_allowed_ips empty, gke_private_endpoint = true (PROD) | F12: terraform plan reviewed in DEV first; promotion and deployment green on the private path; Checkov CKV_AZURE_139 passes for UAT/PROD | G12: 8 | H12: P2 | I12: P2 | J12: Platform / DevOps; Network | K12: SEC-E04 | M12: Not started
A13: E15-BL-009 | B13: E15-F04 | C13: =IFERROR(INDEX('Feature List'!$B$5:$B$21,MATCH(B13,'Feature List'!$A$5:$A$21,0)),"") | D13: Task | E13: Create the client's gke-security-groups@<domain> group, set gke_rbac_security_group and validate the pipelines end to end | F13: Group-based RBAC bindings in place; access review covers the groups; end-to-end deployment evidence | G13: 5 | H13: P2 | I13: P3 | J13: Platform / DevOps; IAM | K13: SEC-E04 | M13: Not started
A14: E15-BL-010 | B14: E15-F05 | C14: =IFERROR(INDEX('Feature List'!$B$5:$B$21,MATCH(B14,'Feature List'!$A$5:$A$21,0)),"") | D14: Spike | E14: Design a programme attribute for RESTRICTED_CLINICAL resources (E09 vs E10) and agree the access rules with OH governance and the DPO | F14: Decision record: who may open which programme's documents; impact on ResourceAttributes, DocumentService and existing policies | G14: 3 | H14: P2 | I14: P1 | J14: Core API team; DPO; OH governance | K14: E09; E10 | M14: Not started
A15: E15-BL-011 | B15: E15-F05 | C15: =IFERROR(INDEX('Feature List'!$B$5:$B$21,MATCH(B15,'Feature List'!$A$5:$A$21,0)),"") | D15: Story | E15: As an MRO I want to open substance-programme documents (e.g. CHAIN_OF_CUSTODY_FORM) through the generic documents API so that I can complete reviews without workarounds, while I still cannot open psychological-health documents | F15: MRO and listed acting-MRO physicians open E10 documents; MRO gets 404 on E09 documents; general OH, manager, HR and unbound machine clients get 404; denials audited; access-matrix object cases added | G15: 10 | H15: P2 | I15: P1 | J15: Core API team (E10) | K15: E10; E15-F05 spike | M15: Not started
A16: E15-BL-012 | B16: E15-F06 | C16: =IFERROR(INDEX('Feature List'!$B$5:$B$21,MATCH(B16,'Feature List'!$A$5:$A$21,0)),"") | D16: Story | E16: As the CISO I want the core API and the BFF to refuse to start outside the local profile when a demo identity or local-only secret is configured so that a demo setting can never reach UAT or PROD | F16: Rules: known local-only secret values (e.g. change-me-local-only), demo users in mentalhealth.named-clinicians; message names the property only; unit tests per rule; UAT/PROD overlays pass | G16: 6 | H16: P1 | I16: P1 | J16: Core API team | K16: SEC-E06 | M16: Not started
... A50: E15-BL-046 | B50: E15-F17 | C50: =IFERROR(INDEX('Feature List'!$B$5:$B$21,MATCH(B50,'Feature List'!$A$5:$A$21,0)),"") | D50: Task | E50: Security calendar: annual penetration test, semi-annual restore test, annual DR exercise and annual incident tabletop (restricted-class data breach) | F50: Calendar approved by CISO; first tabletop held within 6 months of go-live with lessons learned | G50: 2 | H50: P2 | I50: P2 | J50: CISO office; DPO; SOC | K50: SEC-E01 | M50: Not started
E52: Total story points (indicative) | G52: =SUM(G5:G50)
E53: Items | G53: =COUNTA(A5:A50)

Sheet Legends
A1: Legends – unit codes, standards, phases, owners
A2: Reference for codes used in this workbook
A3: Airline Group Occupational Health Case Management (OHCM) | v1.0 – Draft for CISO & Cyber GRC review | 30 October 2026
A4: Code | B4: Meaning
A5: ALL | B5: All subsidiaries & departments (group-wide)
A6: FLT | B6: Flight Operations – pilots / flight crew
A7: CAB | B7: Cabin Services – cabin crew
A8: GND | B8: Ground Services – ramp, baggage, aircraft turnaround, GSE drivers
A9: ENG | B9: Engineering & Maintenance – hangar, hazmat/chemicals, noise, heights, confined spaces
A10: P1 | B10: Phase 1 – Now (before PROD go-live)
A11: P2 | B11: Phase 2 – Next (first 90 days of operation)
A12: P3 | B12: Phase 3 – Later (3–12 months after go-live)
A13: SEC-E01…E15 | B13: Enhancement items of the Security Enhancement Guideline (docs/security/Security-Enhancement-Guideline.md), Section 3
A14: GR-01…GR-20 | B14: Secure-by-default guardrails, Security Enhancement Guideline Section 4
A15: F-01…F-17 | B15: Findings of the 2026-10 security assessment (all closed or accepted)
... A34: Type: Spike | B34: Time-boxed investigation to remove uncertainty
