Workbook

Sheet Epic Overview
A1: E22 – Native Mobile, Offline & Field Capability
A2: Epic overview, scope, value, KPIs and summary metrics (review with the C-suite sponsor, CIO, CMO / Nursing Head and Cyber GRC)
A3: Airline Group Occupational Health Case Management (OHCM) | v1.0 – Strategy beyond increment 5, draft for C-suite, CIO, CMO / Nursing Head and Cyber GRC review | 30 October 2026
A5: Epic ID | B5: E22
A6: Epic name | B6: Native Mobile, Offline & Field Capability
A7: Goal | B7: Turn the Capacitor shell into a production crew and field app: secure on-device storage and app-protection policies, offline-tolerant capture at airside first-aid posts and for telephone triage with an encrypted queue and safe sync, NFC badge scan, content-free push notifications with per-user channel preferences, and crew features that work on layover.
A8: Business value | B8: Most OH demand comes from a dispersed 24×7 workforce: ramp, cargo, catering, engineering and crew away from base. A first-aid post that cannot register an encounter when the network drops loses the case and the evidence. Push and a status wallet (medical certificate, travel vaccinations) reduce lapses and missed appointments.
A9: In scope | B9: • Secure storage (Keychain / Keystore) and app-protection SDK (MAM) – store and MDM release • Offline capture for first-aid posts and telephone triage: minimal dataset, encrypted local queue, sync and conflict handling • NFC / badge scan against an HRIS cache for registration under 60 s • Push notifications (content-free) and per-user channel preferences • Crew features: status wallet (certificate validity, travel vaccinations), roster-aware reminders, layover access • Device test matrix, crash reporting without PHI, release engineering
A10: Out of scope | B10: • Offline access to the full clinical record (deliberately not cached) • Bring-your-own-device policy (client IT) • Mobile hardening assessment itself (E19 SEC-E11)
A11: Primary stakeholders / roles | B11: Head of Experience; Mobile team; First aiders; Clinic reception; OH nurses on telephone triage; Crew; Client mobility / MDM team; DPO; CISO
A12: Success KPIs | B12: • First-aid encounter registered in < 60 s, including with no network (E01-HLR-03) • 0 health data at rest unprotected on devices (MASVS L2 assessment pass) • Sync conflict rate < 0.5 %; 0 lost offline encounters • Crash-free sessions ≥ 99.5 % • App adoption ≥ 70 % of crew within 12 months of release • Push delivered within 1 minute for ≥ 95 % of messages
A13: Dependencies | B13: E13 Portal / app; E15 Integration (HRIS cache, push provider); E16 Identity (token storage, MFA); E19 Security (SEC-E11 MASVS); decision D4 mobile distribution
A14: Standards & references | B14: • OWASP-MASVS v2 (L2 for PHI apps) • LOCAL-PDP; ISO27001 A.8.1 user end-point devices • Platform app-store health-data guidelines • WCAG22 for mobile
A15: Evidence base (why now) | B15: Risk R6 / G14: refresh token in memory only until the secure-storage plug-in is registered, MAM SDK not integrated; increment-1 limitations: no native NFC, offline retry in memory only, telephone triage not offline-capable, SMS / push are logging adapters, no per-user channel opt-in; client requirement E01-HLR-03: airside posts work offline-tolerant (mobile sync).
A16: Recommended start horizon | B16: H1 – secure storage, MAM and store / MDM release before crew go-live; H2 – offline capture, NFC, push and wallet
A18: Summary metrics (formula-driven)
A19: Number of high-level requirements | B19: =COUNTA('High-Level Requirements'!A5:A9)
A20: Number of features | B20: =COUNTA('Feature List'!A5:A9)
A21: Number of backlog items | B21: =COUNTA('Implementation Backlog'!A5:A16)
A22: Total story points (indicative) | B22: =SUM('Implementation Backlog'!G5:G16)
A23: Story points – H1 (0–6 months) | B23: =SUMIF('Implementation Backlog'!H5:H16,"H1",'Implementation Backlog'!G5:G16)
A24: Story points – H2 (6–18 months) | B24: =SUMIF('Implementation Backlog'!H5:H16,"H2",'Implementation Backlog'!G5:G16)
A25: Story points – H3 (18–36 months) | B25: =SUMIF('Implementation Backlog'!H5:H16,"H3",'Implementation Backlog'!G5:G16)
A26: Indicative team-sprints (at 30 SP per sprint) | B26: =ROUNDUP(SUM('Implementation Backlog'!G5:G16)/30,0)
A27: Must-have requirements | B27: =COUNTIF('High-Level Requirements'!D5:D9,"Must")
A28: Backlog items awaiting review decision | B28: =COUNTBLANK('Implementation Backlog'!N5:N16)
A30: Notes & assumptions
A31: How to review: yellow cells are for the reviewers named on the overview (C-suite sponsor, CIO, CMO / Nursing Head, Cyber GRC, DPO). Use the 'Decision' and 'Review comment' columns on each sheet; the dropdowns offer Accept / Modify / Reject / Defer.
A32: Story points are indicative relative-size estimates (Fibonacci-like scale) produced during strategy drafting; they must be re-estimated by the delivery teams. Team-sprints in the catalogue workbook use an indicative velocity of 30 points per team per two-week sprint.
A33: Horizons: H1 = Go-live readiness and close the gaps (months 0–6), H2 = Scale, intelligence and experience (months 6–18), H3 = Ecosystem and industry leadership (months 18–36). Priority on backlog items is P1 (critical) / P2 / P3.
A34: Nothing in this workbook exists in the product today unless the 'Evidence base' row says so; benefits and KPI targets are indicative and must be baselined by their business owners.
A35: Confidentiality rule used throughout: managers, HR, crew scheduling, vendors and analytics audiences see status or suppressed aggregates only – never diagnosis or clinical detail; all data stays in the client's jurisdiction.

Sheet High-Level Requirements
A1: E22 – High-Level Requirements
A2: What the solution must achieve for this epic (MoSCoW prioritised, traced to standards and to the evidence of increments 1–5)
A3: Airline Group Occupational Health Case Management (OHCM) | v1.0 – Strategy beyond increment 5, draft for C-suite, CIO, CMO / Nursing Head and Cyber GRC review | 30 October 2026
A4: HLR ID | B4: Requirement | C4: Rationale | D4: Priority (MoSCoW) | E4: Standards / sources | F4: Applicable units | G4: Review comment (sponsor / CMO / GRC) | H4: Decision
A5: E22-HLR-01 | B5: The mobile app shall store tokens only in hardware-backed secure storage, enforce app-protection policies (no copy / paste or backup of app data, PIN, remote wipe) and be distributed through MDM for managed devices. | C5: Risk R6 and G14; decision D4 recommends MDM-managed distribution with app protection. | D5: Must | E5: OWASP-MASVS; ISO27001 | F5: FLT – Flight Operations; CAB – Cabin Services; GND – Ground Services; CGO – Cargo & Freight; CAT – Catering; ENG – Engineering & Maintenance; SEC – Security, Fire & Rescue
A6: E22-HLR-02 | B6: First-aid posts and telephone triage shall continue to capture a minimal encounter dataset without network, held in an encrypted local queue and synchronised idempotently when connectivity returns. | C6: Airside and night-shift posts lose connectivity; E01-HLR-03 requires offline tolerance. | D6: Must | E6: LOCAL-PDP; ISO45001 | F6: GND – Ground Services; CGO – Cargo & Freight; CAT – Catering; ENG – Engineering & Maintenance; SEC – Security, Fire & Rescue
A7: E22-HLR-03 | B7: Registration shall accept NFC / badge scan against a cached HRIS lookup so that a walk-in is registered in under 60 seconds. | C7: Speed at the point of injury; current flow is manual. | D7: Should | E7: ISO45001 | F7: GND – Ground Services; CGO – Cargo & Freight; CAT – Catering; ENG – Engineering & Maintenance; SEC – Security, Fire & Rescue
A8: E22-HLR-04 | B8: The app shall deliver content-free push notifications and let each user choose channels (push, SMS, e-mail) within the limits of mandatory safety messages. | C8: Push and SMS are logging adapters today; no per-user opt-in. | D8: Should | E8: LOCAL-PDP | F8: ALL – All subsidiaries & departments (group-wide)
A9: E22-HLR-05 | B9: Crew shall see a status wallet (medical certificate validity, travel vaccinations, upcoming surveillance) and roster-aware reminders, usable on layover. | C9: Certificate lapses ground crew; KPI 'crew medical certificate lapses = 0'. | D9: Should | E9: EASA-MED; ICAO-A1 | F9: FLT – Flight Operations; CAB – Cabin Services

Sheet Feature List
A1: E22 – Low-Level Feature List
A2: Features that implement the high-level requirements, with roles, acceptance criteria and unit-specific notes
A3: Airline Group Occupational Health Case Management (OHCM) | v1.0 – Strategy beyond increment 5, draft for C-suite, CIO, CMO / Nursing Head and Cyber GRC review | 30 October 2026
A4: Feature ID | B4: Feature | C4: Description | D4: Primary roles | E4: Priority (MoSCoW) | F4: Traces to HLR | G4: Acceptance criteria (summary) | H4: Unit-specific notes | I4: Review comment | J4: Decision
A5: E22-F01 | B5: Secure, managed mobile platform | C5: Secure-storage plug-in, MAM SDK, jailbreak / root signals, MDM managed configuration, store and enterprise distribution pipeline. | D5: Mobile team; Client MDM team | E5: Must | F5: E22-HLR-01 | G5: Tokens in Keychain / Keystore; MAM policies enforced in test; signed builds distributed through MDM. | H5: Unmanaged devices limited to web portal if policy requires.
A6: E22-F02 | B6: Offline encounter capture and sync | C6: Minimal dataset form, encrypted queue with device-bound key, idempotent sync with Idempotency-Key, conflict rules, max offline age, wipe on sign-out. | D6: First aider; Clinic reception; OH nurse | E6: Must | F6: E22-HLR-02 | G6: Encounters created offline appear once after sync; queue unreadable without app unlock; 72 h maximum offline age. | H6: Only first-aid and triage data offline – no record browsing.
A7: E22-F03 | B7: NFC and badge registration | C7: NFC / barcode badge scan, HRIS lookup cache with short TTL and minimal fields. | D7: First aider; Clinic reception | E7: Should | F7: E22-HLR-03 | G7: Registration < 60 s in field test at three posts. | H7: Badge technology varies by station.
A8: E22-F04 | B8: Push and channel preferences | C8: Push provider integration through the notification gateway, content-free templates, per-user channel preferences, mandatory-message rules. | D8: Employee; Crew; DPO | E8: Should | F8: E22-HLR-04 | G8: Push delivered < 1 min for 95 %; no clinical words in any push (content rule tests). | H8: Mandatory safety advisories cannot be switched off.
A9: E22-F05 | B9: Crew status wallet and reminders | C9: Wallet card showing statuses only, offline-readable, roster-aware reminders. | D9: Crew; AME; Crew licensing | E9: Should | F9: E22-HLR-05 | G9: Wallet shows status without diagnosis; reminders before expiry at 60 / 30 / 7 days. | H9: Status only – no clinical detail on the device.

Sheet Implementation Backlog
A1: E22 – Implementation Backlog (line by line)
A2: User stories, enablers, tasks and spikes with acceptance criteria, indicative estimates, horizon, priority, owner and dependencies
A3: Airline Group Occupational Health Case Management (OHCM) | v1.0 – Strategy beyond increment 5, draft for C-suite, CIO, CMO / Nursing Head and Cyber GRC review | 30 October 2026
A4: Backlog ID | B4: Feature ID | C4: Feature (lookup) | D4: Type | E4: Title / user story | F4: Acceptance criteria / definition of done | G4: Story points (indicative) | H4: Horizon | I4: Priority | J4: Owner / team | K4: Dependencies (epics) | L4: Sprint (to assign) | M4: Status | N4: Decision | O4: Review comment
A5: E22-BL-001 | B5: E22-F01 | C5: =IFERROR(INDEX('Feature List'!$B$5:$B$9,MATCH(B5,'Feature List'!$A$5:$A$9,0)),"") | D5: Enabler | E5: Register the secure-storage plug-in for refresh tokens on iOS and Android and remove in-memory fall-back in release builds | F5: Tokens persisted only in Keychain / Keystore; MASVS storage checks pass | G5: 5 | H5: H1 | I5: P1 | J5: Mobile | K5: E19 | M5: Not started
A6: E22-BL-002 | B6: E22-F01 | C6: =IFERROR(INDEX('Feature List'!$B$5:$B$9,MATCH(B6,'Feature List'!$A$5:$A$9,0)),"") | D6: Enabler | E6: Integrate the app-protection (MAM) SDK and managed configuration; verify selective wipe | F6: Copy / paste and backup blocked; selective wipe removes app data in test | G6: 8 | H6: H1 | I6: P1 | J6: Mobile | K6: E19 | M6: Not started
A7: E22-BL-003 | B7: E22-F01 | C7: =IFERROR(INDEX('Feature List'!$B$5:$B$9,MATCH(B7,'Feature List'!$A$5:$A$9,0)),"") | D7: Task | E7: Set up enterprise / MDM distribution and store listings with health-data declarations | F7: Signed builds delivered through MDM to pilot group; store review passed | G7: 5 | H7: H1 | I7: P1 | J7: Mobile; Product Owner | K7: – | M7: Not started
A8: E22-BL-004 | B8: E22-F02 | C8: =IFERROR(INDEX('Feature List'!$B$5:$B$9,MATCH(B8,'Feature List'!$A$5:$A$9,0)),"") | D8: Story | E8: As a first aider at an airside post I want to register an injury when the network is down so that no encounter is lost | F8: Offline form with minimal dataset; encrypted queue; sync once online; duplicate-safe | G8: 13 | H8: H2 | I8: P1 | J8: Mobile; Platform / Backend | K8: E01 | M8: Not started
A9: E22-BL-005 | B9: E22-F02 | C9: =IFERROR(INDEX('Feature List'!$B$5:$B$9,MATCH(B9,'Feature List'!$A$5:$A$9,0)),"") | D9: Enabler | E9: Idempotent sync API with conflict rules and maximum offline age for queued encounters | F9: Server rejects stale (> 72 h) items for manual review; replay is idempotent | G9: 8 | H9: H2 | I9: P1 | J9: Platform / Backend | K9: E15 | M9: Not started
A10: E22-BL-006 | B10: E22-F02 | C10: =IFERROR(INDEX('Feature List'!$B$5:$B$9,MATCH(B10,'Feature List'!$A$5:$A$9,0)),"") | D10: Story | E10: As a triage nurse on night shift I want telephone triage to continue offline with the protocol script cached so that outstations get the same quality | F10: Approved protocol versions cached; result synced with protocol version id | G10: 8 | H10: H2 | I10: P2 | J10: Mobile; Clinical SME (OH Nurse / Physician) | K10: E02 | M10: Not started
A11: E22-BL-007 | B11: E22-F03 | C11: =IFERROR(INDEX('Feature List'!$B$5:$B$9,MATCH(B11,'Feature List'!$A$5:$A$9,0)),"") | D11: Story | E11: As clinic reception I want to scan a staff badge by NFC so that the walk-in is registered in under 60 seconds | F11: NFC and barcode supported; HRIS cache TTL ≤ 24 h; field test at three posts | G11: 5 | H11: H2 | I11: P2 | J11: Mobile | K11: E15 | M11: Not started
A12: E22-BL-008 | B12: E22-F04 | C12: =IFERROR(INDEX('Feature List'!$B$5:$B$9,MATCH(B12,'Feature List'!$A$5:$A$9,0)),"") | D12: Enabler | E12: Push channel adapter behind NotificationChannel with content-free templates | F12: Adapter selected by @Order; content rules tested; delivery metrics | G12: 5 | H12: H2 | I12: P2 | J12: Platform / Backend | K12: E15 | M12: Not started
A13: E22-BL-009 | B13: E22-F04 | C13: =IFERROR(INDEX('Feature List'!$B$5:$B$9,MATCH(B13,'Feature List'!$A$5:$A$9,0)),"") | D13: Story | E13: As an employee I want to choose how I am contacted (push, SMS, e-mail) so that reminders reach me without exposing my health | F13: Preference per user; mandatory messages flagged; audit of changes | G13: 5 | H13: H2 | I13: P2 | J13: Frontend / UX | K13: E16 | M13: Not started
A14: E22-BL-010 | B14: E22-F05 | C14: =IFERROR(INDEX('Feature List'!$B$5:$B$9,MATCH(B14,'Feature List'!$A$5:$A$9,0)),"") | D14: Story | E14: As a crew member I want a wallet card that shows my medical certificate and travel vaccination status offline so that I can prove compliance on layover | F14: Status-only card; offline readable; refreshed on sign-in | G14: 5 | H14: H2 | I14: P2 | J14: Mobile | K14: E07, E11 | M14: Not started
A15: E22-BL-011 | B15: E22-F05 | C15: =IFERROR(INDEX('Feature List'!$B$5:$B$9,MATCH(B15,'Feature List'!$A$5:$A$9,0)),"") | D15: Story | E15: As a crew member I want roster-aware reminders before my certificate or surveillance is due so that I am never grounded by an expiry | F15: Reminders at 60 / 30 / 7 days; respects rest periods from roster data | G15: 5 | H15: H2 | I15: P3 | J15: Mobile | K15: E15, E25 | M15: Not started
A16: E22-BL-012 | B16: E22-F01 | C16: =IFERROR(INDEX('Feature List'!$B$5:$B$9,MATCH(B16,'Feature List'!$A$5:$A$9,0)),"") | D16: Task | E16: Define the device test matrix and crash reporting without PHI | F16: Matrix covers top 10 device models; crash payloads scrubbed and verified | G16: 3 | H16: H1 | I16: P2 | J16: Mobile; QA | K16: – | M16: Not started
E18: Total story points (indicative) | G18: =SUM(G5:G16)
E19: Items | G19: =COUNTA(A5:A16)

Sheet Legends
A1: Legends – unit codes, standards, horizons, owners
A2: Reference for codes used in this workbook
A3: Airline Group Occupational Health Case Management (OHCM) | v1.0 – Strategy beyond increment 5, draft for C-suite, CIO, CMO / Nursing Head and Cyber GRC review | 30 October 2026
A4: Code | B4: Meaning
A5: ALL | B5: All subsidiaries & departments (group-wide)
A6: FLT | B6: Flight Operations – pilots / flight crew
A7: CAB | B7: Cabin Services – cabin crew
A8: GND | B8: Ground Services – ramp, baggage, aircraft turnaround, GSE drivers
A9: CGO | B9: Cargo & Freight – warehouse, DGR/hazmat handling, cold chain, forklift
A10: CAT | B10: Catering – food production, food handlers, cold rooms, dish-wash, knives
A11: ENG | B11: Engineering & Maintenance – hangar, hazmat/chemicals, noise, heights, confined space
A12: SEC | B12: Security, Fire & Rescue, Medical Response
A13: H1 | B13: Horizon 1 – Go-live readiness and close the gaps (months 0–6)
A14: H2 | B14: Horizon 2 – Scale, intelligence and experience (months 6–18)
A15: H3 | B15: Horizon 3 – Ecosystem and industry-leading OH platform (months 18–36)
... A57: Type: Spike | B57: Time-boxed investigation to remove uncertainty
